ID,Page,Visible Label,Component,Handler,State,API Call,Expected Behavior,Actual Behavior,Status
UI-0001,Global,Home (Logo),Header.jsx,onClick={() => setActivePage('home')},activePage='home',None,Navigates to 3D Cesium Digital Twin globe,Navigates to 3D Cesium Digital Twin globe,OPERATIONAL
UI-0002,Global,3D Globe (Nav Tab),Header.jsx,onClick={() => setActivePage('home')},activePage='home',None,Switches active view to 3D Globe,Switches active view to 3D Globe,OPERATIONAL
UI-0003,Global,Argo Network (Nav Tab),Header.jsx,onClick={() => setActivePage('argo')},activePage='argo',GET /api/v1/observations/argo,Navigates to 2D in-situ Argo profile network,Navigates to 2D in-situ Argo profile network,OPERATIONAL
UI-0004,Global,Model vs Obs (Nav Tab),Header.jsx,onClick={() => setActivePage('comparison')},activePage='comparison',GET /api/v1/comparison/profile,Navigates to 4D colocation validation workspace,Navigates to 4D colocation validation workspace,OPERATIONAL
UI-0005,Global,Analytics Studio (Nav Tab),Header.jsx,onClick={() => setActivePage('analytics')},activePage='analytics',GET /api/v1/model/timeseries,Navigates to multi-decadal reanalysis studio,Navigates to multi-decadal reanalysis studio,OPERATIONAL
UI-0006,Global,Data Catalog (Nav Tab),Header.jsx,onClick={() => setActivePage('data')},activePage='data',GET /api/v1/model/datasets,Navigates to open oceanographic datasets directory,Navigates to open oceanographic datasets directory,OPERATIONAL
UI-0007,Global,Methodology (Nav Tab),Header.jsx,onClick={() => setActivePage('methodology')},activePage='methodology',None,Navigates to scientific formulation and TEOS-10 documentation,Navigates to scientific documentation,OPERATIONAL
UI-0008,Global,Settings (Nav Tab),Header.jsx,onClick={() => setActivePage('settings')},activePage='settings',None,Navigates to application configuration and rendering settings,Navigates to application configuration,OPERATIONAL
UI-0009,Global,Coordinates (Nav Tab),Header.jsx,onClick={() => setActivePage('coordinates')},activePage='coordinates',None,Navigates to spatial coordinates calculator,Navigates to spatial coordinates calculator,OPERATIONAL
UI-0010,Global,Missions (Overlay Toggle),Header.jsx,toggleOverlay('missions'),activeOverlay='missions',None,Opens satellite observing missions drawer,Opens satellite observing missions drawer,OPERATIONAL
UI-0011,Global,Ocean Events (Overlay Toggle),Header.jsx,toggleOverlay('events'),activeOverlay='events',None,Opens extreme oceanographic events drawer,Opens extreme oceanographic events drawer,OPERATIONAL
UI-0012,Global,Workspaces (Overlay Toggle),Header.jsx,toggleOverlay('workspaces'),activeOverlay='workspaces',None,Opens preset camera and variable perspectives drawer,Opens preset camera perspectives drawer,OPERATIONAL
UI-0013,Global,Active Layer (Overlay Toggle),Header.jsx,toggleOverlay('layers'),activeOverlay='layers',None,Opens layer controls and visual styling drawer,Opens layer controls drawer,OPERATIONAL
UI-0014,Global,Search Coordinates (Button),Header.jsx,setIsGoToLocationOpen(true),isGoToLocationOpen=true,None,Opens Go-To coordinate navigation modal,Opens Go-To coordinate navigation modal,OPERATIONAL
UI-0015,Global,Diagnostics (Button),Header.jsx,toggleDiagnostics(),isDiagnosticsOpen=!isDiagnosticsOpen,GET /api/v1/health,Opens system telemetry and diagnostic drawer,Opens system telemetry drawer,OPERATIONAL
UI-0016,Global,Shortcuts (?) (Button),Header.jsx,toggleShortcutsModal(),isShortcutsOpen=!isShortcutsOpen,None,Opens keyboard shortcut legend modal,Opens keyboard shortcut legend modal,OPERATIONAL
UI-0017,Global,1318 Floats (Badge),Header.jsx,None (Static Display),None,None,Displays dynamic active float count,Displays hardcoded static text '1318 Floats',DEFECTIVE
UI-0018,Home / Globe,Reset North (Compass),GlobeControls.jsx,onClick={handleResetNorth},viewer.camera.flyTo,None,Resets camera heading to True North (0 deg),Resets camera heading to North via window.__godsEyeView,OPERATIONAL
UI-0019,Home / Globe,Planetary Overview (Home),GlobeControls.jsx,onClick={handleHome},viewer.camera.flyHome,None,Fits planetary camera overview centered on Earth,Fits planetary camera overview,OPERATIONAL
UI-0020,Home / Globe,Zoom In (+),GlobeControls.jsx,onClick={handleZoomIn},viewer.camera.zoomIn,None,Zooms camera inward by 35% of altitude,Zooms camera inward,OPERATIONAL
UI-0021,Home / Globe,Zoom Out (-),GlobeControls.jsx,onClick={handleZoomOut},viewer.camera.zoomOut,None,Zooms camera outward by 35% of altitude,Zooms camera outward,OPERATIONAL
UI-0022,Home / Globe,Target Indian Ocean (Crosshair),GlobeControls.jsx,onClick={handleLocate},triggerCameraAction('fit_indian_ocean'),None,Smoothly transitions camera to Indian Ocean basin,Smoothly transitions camera to Indian Ocean,OPERATIONAL
UI-0023,Global / Footer,Coordinate Readout (DMS),BottomStatusBar.jsx,onMouseMove,cursorCoords,None,"Renders cursor lat/lon in degrees, minutes, seconds",Renders DMS coordinates; handles rollover at 59.995s,OPERATIONAL
UI-0024,Global / Footer,Engine Indicator (Cesium/Three),BottomStatusBar.jsx,None,engineMode,None,Displays active 3D visualization engine badge,Displays active engine (Cesium / Three.js),OPERATIONAL
UI-0025,Global / Footer,FPS Telemetry,BottomStatusBar.jsx,requestAnimationFrame,fps,None,Displays live rendering frames per second,Displays live FPS counter (60 FPS),OPERATIONAL
UI-0026,Global / Footer,Network Latency Badge,BottomStatusBar.jsx,pingBackend(),backendLatencyMs,GET /api/v1/health,Displays round-trip HTTP ping to FastAPI backend,Displays backend latency in ms,OPERATIONAL
UI-0027,Global / Footer,Simulation Time Stamp,BottomStatusBar.jsx,None,currentTimeString,None,Displays simulated reanalysis timestamp,Displays formatted timestamp,OPERATIONAL
UI-0028,Home / Timeline,Play / Pause (Toggle),OceanTimeline.jsx,togglePlay(),isPlaying=!isPlaying,None,Starts/stops temporal animation loop,Toggles temporal animation loop,OPERATIONAL
UI-0029,Home / Timeline,Step Backward (Button),OceanTimeline.jsx,stepBackward(),"timeIndex = max(0, timeIndex-1)",GET /api/v1/model/volume,Steps simulation backward by 1 time step,Steps simulation backward by 1 time step,OPERATIONAL
UI-0030,Home / Timeline,Step Forward (Button),OceanTimeline.jsx,stepForward(),"timeIndex = min(max, timeIndex+1)",GET /api/v1/model/volume,Steps simulation forward by 1 time step,Steps simulation forward by 1 time step,OPERATIONAL
UI-0031,Home / Timeline,Timeline Slider (Range),OceanTimeline.jsx,onChange={(e) => setTimeIndex(e.target.value)},timeIndex,GET /api/v1/model/volume,Scrubs directly to chosen reanalysis time step,Scrubs time index and dispatches volume request,OPERATIONAL
UI-0032,Home / Timeline,Speed Selector (Dropdown),OceanTimeline.jsx,setPlaybackSpeed(speed),playbackSpeed,None,"Adjusts animation speed (1x, 2x, 5x)",Updates playback interval duration,OPERATIONAL
UI-0033,Home / Legend,Variable Switcher (Select),ColorbarLegend.jsx,onChange={(e) => setVariable(e.target.value)},variable,GET /api/v1/model/volume,Switches active physical scalar field (temp/salt/chl/ssh),Updates variable and requests new scalar volume,OPERATIONAL
UI-0034,Home / Legend,Colormap Gradient Bar,ColorbarLegend.jsx,onMouseMove (missing tooltip),colormap,None,Displays colormap gradient with interactive hover values,Displays static gradient bar without value tooltips,DEFECTIVE
UI-0035,Home / Legend,Min Range Indicator,ColorbarLegend.jsx,None,minVal,None,Displays scalar minimum bound,Displays scalar minimum bound,OPERATIONAL
UI-0036,Home / Legend,Max Range Indicator,ColorbarLegend.jsx,None,maxVal,None,Displays scalar maximum bound,Displays scalar maximum bound,OPERATIONAL
UI-0037,Home / Inspector,Inspect Float Profile (Button),SelectedFeaturePanel.jsx,onClick={openModal},isModalOpen=true,GET /api/v1/observations/argo/{wmo}/profile,Opens comprehensive Argo CTD profile modal,Opens Argo CTD profile modal with TEOS-10 data,OPERATIONAL
UI-0038,Home / Inspector,Close Inspector (Button),SelectedFeaturePanel.jsx,onClick={() => setSelectedEntity(null)},selectedEntity=null,None,Closes floating inspector card,Closes inspector card,OPERATIONAL
UI-0039,Home / Inspector,Compare in Workspace (Button),SelectedFeaturePanel.jsx,onClick={() => setActivePage('comparison')},activePage='comparison',None,Loads selected float into 4D Model vs Obs workspace,Navigates to comparison page with float selected,OPERATIONAL
UI-0040,Observation Modal,Close Modal (X Button),ObservationModal.jsx,onClick={closeModal},isModalOpen=false,None,Closes detailed observation modal,Closes modal dialog,OPERATIONAL
UI-0041,Observation Modal,Cycle Selector (Dropdown),ObservationModal.jsx,onChange={(e) => selectCycle(e.target.value)},selectedCycle,GET /api/v1/observations/argo/{wmo}/profile?cycle_number=N,Switches displayed CTD cycle profile,Fetches and renders CTD profile for chosen cycle,OPERATIONAL
UI-0042,Observation Modal,Variable Toggle (Temp / Sal / Density),ObservationModal.jsx,onClick={() => setVar(v)},activeVar,None,Toggles vertical profile parameter curve,Switches vertical depth curve plot,OPERATIONAL
UI-0043,Observation Modal,Upload In-Situ Data (Button),ObservationModal.jsx,onClick={() => fileInputRef.current.click()},uploadState,POST /api/v1/observations/upload-delimited,Uploads external CSV/TSV/ASCII CTD profile,Uploads delimited file; parses 4D vertical profile,OPERATIONAL
UI-0044,Observation Modal,Download NetCDF / JSON (Button),ObservationModal.jsx,onClick={downloadProfile},None,None,Downloads raw profile payload to client disk,Downloads formatted JSON profile data,OPERATIONAL
UI-0045,Home / Layers,Bathymetry Shading (Toggle),ActiveLayerPanel.jsx,toggleLayer('bathymetry'),layers.bathymetry,None,Toggles GEBCO high-resolution seabed bathymetry,Toggles bathymetry layer visibility,OPERATIONAL
UI-0046,Home / Layers,Surface Velocity Vectors (Toggle),ActiveLayerPanel.jsx,toggleLayer('currents'),layers.currents,None,Toggles animated horizontal current velocity vectors,Toggles surface velocity streamlines,OPERATIONAL
UI-0047,Home / Layers,Argo Float Markers (Toggle),ActiveLayerPanel.jsx,toggleLayer('argo'),layers.argo,None,"Toggles 1,317 Argo float point markers on globe",Toggles Cesium Argo entity collection visibility,OPERATIONAL
UI-0048,Home / Layers,Geographic Grid Lines (Toggle),ActiveLayerPanel.jsx,toggleGrid(),showGrid,None,Toggles graticule latitude/longitude lines,Toggles Cesium / Three.js grid lines,OPERATIONAL
UI-0049,Home / Layers,Depth Slice Plane (Toggle),ActiveLayerPanel.jsx,toggleLayer('depthSlice'),layers.depthSlice,None,Toggles horizontal clipping plane for depth slicing,Toggles depth slicing plane,OPERATIONAL
UI-0050,Diagnostics,Ping Backend (Button),DiagnosticsDrawer.jsx,onClick={pingBackend},backendLatencyMs,GET /api/v1/health,Sends health probe and updates latency readout,Sends health probe; updates latency,OPERATIONAL
UI-0051,Diagnostics,Clear Console Logs (Button),DiagnosticsDrawer.jsx,onClick={clearLogs},logs=[],None,Clears client diagnostic log window,Clears diagnostic logs list,OPERATIONAL
UI-0052,Diagnostics,Memory Heap Inspection (Button),DiagnosticsDrawer.jsx,onClick={inspectMemory},memoryUsage,None,Inspects JS heap memory allocation,Displays JS heap memory statistics,OPERATIONAL
UI-0053,Diagnostics,Close Diagnostics (Button),DiagnosticsDrawer.jsx,onClick={toggleDiagnostics},isDiagnosticsOpen=false,None,Closes slide-out diagnostics drawer,Closes diagnostics drawer,OPERATIONAL
UI-0054,Shortcuts Modal,Close Modal (Esc / Button),ShortcutsModal.jsx,onClick={toggleShortcutsModal},isShortcutsOpen=false,None,Closes shortcut helper dialog,Closes modal; repeated '?' key swallows focus,DEFECTIVE
UI-0055,Go-To Modal,Latitude Input (Number),GoToLocationModal.jsx,onChange={(e) => setLat(e.target.value)},targetLat,None,Accepts destination latitude (-90 to +90),Accepts numeric latitude value,OPERATIONAL
UI-0056,Go-To Modal,Longitude Input (Number),GoToLocationModal.jsx,onChange={(e) => setLon(e.target.value)},targetLon,None,Accepts destination longitude (-180 to +180),Accepts numeric longitude value,OPERATIONAL
UI-0057,Go-To Modal,Fly To Coordinates (Button),GoToLocationModal.jsx,onClick={handleFlyTo},viewer.camera.flyTo,None,Initiates animated camera fly-to target coordinates,Flies Cesium camera to specified coordinates,OPERATIONAL
UI-0058,Go-To Modal,Cancel / Close (Button),GoToLocationModal.jsx,onClick={() => setIsGoToLocationOpen(false)},isGoToLocationOpen=false,None,Dismisses Go-To location dialog,Dismisses dialog,OPERATIONAL
UI-0059,Missions Panel,Select Oceansat-3 (EOS-06),MissionsPanel.jsx,onClick={() => selectMission('oceansat3')},activeMissionId='oceansat3',None,Highlights Oceansat-3 track and updates inspector,Selects mission; flies camera to orbit track,OPERATIONAL
UI-0060,Missions Panel,Select SARAL / AltiKa,MissionsPanel.jsx,onClick={() => selectMission('saral')},activeMissionId='saral',None,Highlights SARAL altimeter track,Selects SARAL mission; updates inspector,OPERATIONAL
UI-0061,Missions Panel,Select SCATSAT-1,MissionsPanel.jsx,onClick={() => selectMission('scatsat1')},activeMissionId='scatsat1',None,Highlights SCATSAT-1 scatterometer track,Selects SCATSAT-1; updates inspector,OPERATIONAL
UI-0062,Events Panel,Select Cyclone Mocha,EventsPanel.jsx,onClick={() => selectOceanEvent('cyclone_mocha')},activeEventId='cyclone_mocha',None,Zooms camera to Bay of Bengal; shows storm wake,Zooms camera to Mocha track; updates inspector,OPERATIONAL
UI-0063,Events Panel,Select Cyclone Biparjoy,EventsPanel.jsx,onClick={() => selectOceanEvent('cyclone_biparjoy')},activeEventId='cyclone_biparjoy',None,Zooms camera to Arabian Sea; shows surge impact,Zooms camera to Biparjoy track; updates inspector,OPERATIONAL
UI-0064,Events Panel,Select Arabian Sea Marine Heatwave,EventsPanel.jsx,onClick={() => selectOceanEvent('mhw_arabian')},activeEventId='mhw_arabian',None,Highlights Lakshadweep thermal anomaly region,Zooms camera to Lakshadweep Sea; updates inspector,OPERATIONAL
UI-0065,Events Panel,Select Somali Upwelling System,EventsPanel.jsx,onClick={() => selectOceanEvent('somali_upwelling')},activeEventId='somali_upwelling',None,Highlights cold-water upwelling off Horn of Africa,Zooms camera to Somali coast; updates inspector,OPERATIONAL
UI-0066,Workspaces Panel,Surface Thermodynamics Preset,WorkspacesPanel.jsx,onClick={() => applyWorkspace('sst')},activeVitalSign='temp',GET /api/v1/model/volume,"Applies SST scalar field, turbo colormap, surface view",Sets SST variable and updates 3D view,OPERATIONAL
UI-0067,Workspaces Panel,Deep Circulation & Haline Stratification,WorkspacesPanel.jsx,onClick={() => applyWorkspace('haline')},activeVitalSign='salt',GET /api/v1/model/volume,"Applies salinity scalar field, thermal colormap, 500m slice",Sets salinity variable and enables depth slice,OPERATIONAL
UI-0068,Workspaces Panel,Biogeochemical Productivity & Blooms,WorkspacesPanel.jsx,onClick={() => applyWorkspace('bgc')},activeVitalSign='chl',GET /api/v1/model/volume,"Applies chlorophyll-a field, viridis colormap",Sets chlorophyll variable and viridis colormap,OPERATIONAL
UI-0069,Argo Network,Search Floats (Input Text),ArgoPage.jsx,onChange={(e) => setSearchQuery(e.target.value)},searchQuery,None,Filters float table and canvas points by WMO/platform ID,"Filters list of 1,317 floats instantaneously",OPERATIONAL
UI-0070,Argo Network,Filter Active Only (Checkbox),ArgoPage.jsx,onChange={(e) => setShowActiveOnly(e.target.checked)},showActiveOnly,None,Hides floats with last transmission > 30 days ago,Filters floats by active status,OPERATIONAL
UI-0071,Argo Network,Basin Filter (Select: Arabian/BoB/All),ArgoPage.jsx,onChange={(e) => setSelectedBasin(e.target.value)},selectedBasin,None,Filters floats to Arabian Sea or Bay of Bengal,Filters floats to selected ocean basin,OPERATIONAL
UI-0072,Argo Network,Float Row Click (Table),ArgoPage.jsx,onClick={() => selectFloat(f)},selectedFloat,GET /api/v1/observations/argo/{wmo}/profile,Selects float and loads vertical CTD depth profile,Fetches authentic CTD profile from Coriolis store,OPERATIONAL
UI-0073,Argo Network,2D Canvas Float Marker Click,ArgoPage.jsx,onCanvasClick(e),selectedFloat,GET /api/v1/observations/argo/{wmo}/profile,Selects nearest float on 2D geographic basin canvas,Selects float based on mouse coordinates,OPERATIONAL
UI-0074,Argo Network,Cycle Profile Switcher (Tabs),ArgoPage.jsx,onClick={() => setCycle(c)},selectedCycle,GET /api/v1/observations/argo/{wmo}/profile?cycle_number=N,Renders depth-vs-temp/sal curve for specific cycle,Renders authentic 0-1500m CTD profile curve,OPERATIONAL
UI-0075,Argo Network,Compare Against ROMS (Button),ArgoPage.jsx,onClick={() => setActivePage('comparison')},activePage='comparison',None,Transfers selected float to 4D colocation comparison,Switches to Comparison page with float loaded,OPERATIONAL
UI-0076,Model vs Obs,Platform Number Input,ComparisonPage.jsx,onChange={(e) => setPlatformInput(e.target.value)},platformInput,None,Accepts WMO platform ID to compare against ROMS,Updates platform input state,OPERATIONAL
UI-0077,Model vs Obs,Compute 4D Colocation (Button),ComparisonPage.jsx,onClick={handleColocate},comparisonData,GET /api/v1/comparison/profile?platform_number=N,Triggers 4D spatial/temporal trilinear interpolation,Fetches colocated model and Argo CTD profiles,OPERATIONAL
UI-0078,Model vs Obs,Variable Selector (Temp / Salinity),ComparisonPage.jsx,onClick={() => setVar(v)},activeVar,GET /api/v1/comparison/profile,Toggles physical variable for residual calculation,"Recalculates RMSE, bias, and correlation for variable",OPERATIONAL
UI-0079,Model vs Obs,Interactive Profile Hover,ComparisonPage.jsx,onMouseMove(e),hoverDepth,None,Displays synchronized depth/value crosshair on profiles,Highlights depth level across model and observation,OPERATIONAL
UI-0080,Model vs Obs,Residual Threshold Filter,ComparisonPage.jsx,onChange={(e) => setTolerance(e.target.value)},tolerance,None,Filters scatter points by residual error tolerance,Updates scatter plot highlights,OPERATIONAL
UI-0081,Analytics Studio,Preset Basin Selector (Dropdown),AnalyticsPage.jsx,onChange={(e) => handlePreset(e.target.value)},selectedPreset,GET /api/v1/model/timeseries,Loads predefined oceanographic basin coordinates,Updates coordinates and fetches NetCDF timeseries,OPERATIONAL
UI-0082,Analytics Studio,Physical Variable Selector (Select),AnalyticsPage.jsx,onChange={(e) => setSelectedVar(e.target.value)},selectedVar,GET /api/v1/model/timeseries,"Switches timeseries variable (SST, SSS, Chl, MLD)",Queries authentic 480-point timeseries for variable,OPERATIONAL
UI-0083,Analytics Studio,Timeseries Range (1Y / 5Y / 10Y / ALL),AnalyticsPage.jsx,onClick={() => setSelectedRange(r)},selectedRange,None,Zooms temporal window across 40-year reanalysis,Filters x-axis domain on timeseries plot,OPERATIONAL
UI-0084,Analytics Studio,Time Series Tab (Button),AnalyticsPage.jsx,onClick={() => setActiveTab('timeseries')},activeTab='timeseries',None,Displays 40-year trajectory with linear decadal trend,Renders 480-point NetCDF timeseries plot,OPERATIONAL
UI-0085,Analytics Studio,Vertical Stratification Tab (Button),AnalyticsPage.jsx,onClick={() => setActiveTab('vertical')},activeTab='vertical',GET /api/v1/model/volume,Displays model vertical depth stratification curve,Renders vertical depth-vs-temperature profile,OPERATIONAL
UI-0086,Analytics Studio,Hovmoller Diagram Tab (Button),AnalyticsPage.jsx,onClick={() => setActiveTab('hovmoller')},activeTab='hovmoller',None,Displays 40-year monthly climatology heat matrix,Renders 12x40 monthly Hovmoller climatology,OPERATIONAL
UI-0087,Analytics Studio,Spectral Analysis Tab (Button),AnalyticsPage.jsx,onClick={() => setActiveTab('spectral')},activeTab='spectral',None,Displays Discrete Fourier Transform periodogram,Renders FFT power spectrum showing 12m & 6m peaks,OPERATIONAL
UI-0088,Analytics Studio,Latitude Custom Input,AnalyticsPage.jsx,onChange={(e) => setLatVal(e.target.value)},latVal,GET /api/v1/model/timeseries,Accepts custom latitude for timeseries extraction,Queries backend timeseries at specified latitude,OPERATIONAL
UI-0089,Analytics Studio,Longitude Custom Input,AnalyticsPage.jsx,onChange={(e) => setLonVal(e.target.value)},lonVal,GET /api/v1/model/timeseries,Accepts custom longitude for timeseries extraction,Queries backend timeseries at specified longitude,OPERATIONAL
UI-0090,Data Catalog,Category Filter (Models / In-Situ / Remote),DataCatalogPage.jsx,onClick={() => setActiveCategory(c)},activeCategory,None,Filters dataset cards by collection category,Filters dataset list; lacks WAI-ARIA tab semantics,DEFECTIVE
UI-0091,Data Catalog,Search Datasets (Input),DataCatalogPage.jsx,onChange={(e) => setSearch(e.target.value)},search,None,"Searches datasets by title, format, or provider",Filters catalog cards by keyword,OPERATIONAL
UI-0092,Data Catalog,Download NetCDF Links,DataCatalogPage.jsx,href='https://erddap.incois.gov.in/',None,None,Directly downloads NetCDF dataset from ERDDAP,Opens generic ERDDAP homepage instead of direct file,DEFECTIVE
UI-0093,Data Catalog,Inspect Metadata Modal (Button),DataCatalogPage.jsx,onClick={() => openMeta(d)},selectedMeta,GET /api/v1/model/metadata,Displays CF-1.6 dimension and attribute specifications,Renders dataset dimensions and coordinate metadata,OPERATIONAL
UI-0094,Methodology,Section Anchor Navigation (Links),MethodologyPage.jsx,onClick={() => scrollToSection(s)},None,None,Smoothly scrolls to TEOS-10 or ROMS equation sections,Smoothly scrolls to corresponding documentation section,OPERATIONAL
UI-0095,Methodology,Copy Equation Latex (Button),MethodologyPage.jsx,onClick={copyLatex},copiedState,None,Copies raw LaTeX formulation to clipboard,Copies equation formula to clipboard,OPERATIONAL
UI-0096,Settings,High DPI Rendering (Toggle),SettingsPage.jsx,onChange={(e) => setHighDpi(e.target.checked)},highDpi,None,Toggles devicePixelRatio supersampling in 3D canvas,Toggles high DPI setting; saves to localStorage,OPERATIONAL
UI-0097,Settings,Antialiasing FXAA/MSAA (Toggle),SettingsPage.jsx,onChange={(e) => setAntialiasing(e.target.checked)},antialiasing,None,Toggles multisample anti-aliasing in Cesium context,Toggles antialiasing state; saves to localStorage,OPERATIONAL
UI-0098,Settings,Bathymetric Shading (Toggle),SettingsPage.jsx,onChange={(e) => setBathymetricContours(e.target.checked)},bathymetricContours,None,Toggles seabed relief illumination contours,Updates bathymetric contours; saves to localStorage,OPERATIONAL
UI-0099,Settings,Raymarching Step Count (Select),SettingsPage.jsx,onChange={(e) => setRaymarchingSteps(e.target.value)},raymarchingSteps,None,"Sets volumetric sampling rate (128, 256, 512 steps)",Updates raymarching steps; saves to localStorage,OPERATIONAL
UI-0100,Settings,Target FPS Cap (Select),SettingsPage.jsx,onChange={(e) => setFpsCap(e.target.value)},fpsCap,None,"Caps render loop rate (30, 60, 120 FPS)",Updates FPS cap; saves to localStorage,OPERATIONAL
UI-0101,Settings,Volumetric Self-Shadowing (Toggle),SettingsPage.jsx,onChange={(e) => setVolumetricShadows(e.target.checked)},volumetricShadows,None,Toggles secondary light march through scalar volume,Updates shadow setting; saves to localStorage,OPERATIONAL
UI-0102,Settings,QC Validation Policy (Select),SettingsPage.jsx,onChange={(e) => setQcPolicy(e.target.value)},qcPolicy,None,"Selects Argo QC filter strictness (strict, lenient, raw)",Updates QC policy in store; saves to localStorage,OPERATIONAL
UI-0103,Settings,Temperature Scale (Select: C/K),SettingsPage.jsx,onChange={(e) => setTempScale(e.target.value)},tempScale,None,Switches displayed thermal units (Celsius vs Kelvin),Updates temperature scale; saves to localStorage,OPERATIONAL
UI-0104,Settings,Volume Interpolation Mode (Select),SettingsPage.jsx,onChange={(e) => setInterpMode(e.target.value)},interpMode,None,Selects trilinear vs nearest-neighbor volume filtering,Updates interpolation mode; saves to localStorage,OPERATIONAL
UI-0105,Settings,Apply Settings (Button),SettingsPage.jsx,onClick={handleSave},settings (store + localStorage),None,Persists all preferences to Zustand store & localStorage,Dispatches updateSettings(); saves to localStorage,OPERATIONAL
UI-0106,Settings,Reset to Defaults (Button),SettingsPage.jsx,onClick={handleReset},settings (DEFAULT_SETTINGS),None,Reverts all configuration to default production baseline,Resets settings; purges localStorage entry,OPERATIONAL
UI-0107,Coordinates,Decimal Degrees Latitude Input,CoordinatesPage.jsx,onChange={(e) => setDdLat(e.target.value)},ddLat,None,Accepts signed decimal latitude (-90 to +90),Accepts numeric input; converts to DMS,OPERATIONAL
UI-0108,Coordinates,Decimal Degrees Longitude Input,CoordinatesPage.jsx,onChange={(e) => setDdLon(e.target.value)},ddLon,None,Accepts signed decimal longitude (-180 to +180),Accepts numeric input; converts to DMS,OPERATIONAL
UI-0109,Coordinates,DMS Degree / Minute / Second Inputs,CoordinatesPage.jsx,onChange={(e) => handleDms(e)},dmsCoords,None,Accepts DMS strings (e.g. 10 30 00 N); converts to DD,Converts DMS to DD; fails on trailing spaces / lowercase,DEFECTIVE
UI-0110,Coordinates,Copy Converted Coordinates (Button),CoordinatesPage.jsx,onClick={handleCopy},copiedState,None,Copies formatted coordinates to clipboard,Copies coordinate string to clipboard,OPERATIONAL
UI-0111,Coordinates,View on 3D Globe (Button),CoordinatesPage.jsx,onClick={handleViewOnGlobe},targetCoordinate,None,Navigates to 3D Cesium globe focused on coordinates,Sets targetCoordinate and opens Home view,OPERATIONAL
